[
{"name": "Shree S S Properties and De..", "rating": "4.1", "phone": "9152120789", "address": "631, Niti Khand 2-Indirapuram, Ghaziabad - 201014, Opposite Presidium School"},
{"name": "Shri Sai Shyam Properties", "rating": "3.6", "phone": "9152875915", "address": "L-17 A,Ground Floor, Saket, Delhi - 110017, Near Green Field  Public School, Block L"},
{"name": "Sky Home Real Estate", "rating": "4.0", "phone": "9152385411", "address": "CS 4, Chandni Plaza Gyan Khand 1, Indirapuram, Ghaziabad - 201014"},
{"name": "Trehan Properties", "rating": "3.8", "phone": "9152337447", "address": "B 191, Ground Floor, Naraina Industrial Phase 1, Delhi - 110028, Near Bikaner Wala"},
{"name": "Jbd Associates", "rating": "4.1", "phone": "9152497768", "address": "D-203, Lajpat Nagar 1, Delhi - 110024"},
{"name": "Saurab Associates", "rating": "3.6", "phone": "9152847964", "address": "6097/1, Ground Floor D-6, Vasant Kunj, Delhi - 110070, Near Vasant Kunj Flyover"},
{"name": "Noble Estate & Developers", "rating": "4.0", "phone": "9152471339", "address": "7/59, Old Double Storey, Amar Colony-lajpat Nagar, Delhi - 110024, Near Gurudwara"},
{"name": "Rana Property Consultants", "rating": "5.0", "phone": "9152597784", "address": "38/10, G Block, Dda Market, Behind PVR Vikaspuri, Vikaspuri, delhi - 110018, Opposite SBI Bank"},
{"name": "Gamma Properties", "rating": "3.8", "phone": "9152661502", "address": "Shop Number 10, Greater Noida, Noida - 201310"},
{"name": "Amber Associates", "rating": "4.3", "phone": "9152615567", "address": "SC -159, Jaipuria Sunrise Plaza, Indirapuram, ghaziabad - 201014, Jaipuria Mall"},
{"name": "Satguru Properties", "rating": "4.0", "phone": "9152471422", "address": "I 24, Lajpat Nagar 1, Delhi - 110024, Near Lajpat Nagar Railway Station"},
{"name": "Vasu Traders", "rating": "3.5", "phone": "9152229665", "address": "House No - 108, Khichripur, Mayur Vihar Phase 2, Delhi - 110091"},
{"name": "Property Solution", "rating": "5.0", "phone": "9152490438", "address": "C-1, Janakpuri, Delhi - 110058, Chanan Devi Hospital"},
{"name": "Mukesh Properties And Build..", "rating": "4.7", "phone": "9152158428", "address": "J-79, Paryavaran Complex, Freedom Fighters Enclave Neb Sarai, Delhi - 110068, Near Z More"},
{"name": "Amit Estate", "rating": "4.1", "phone": "9152290887", "address": "1/2 shop no, Outer Ring Road, Sunder Vihar, Delhi - 110087, Opposite White House and McDonalds"},
{"name": "Vijay Estate", "rating": "4.5", "phone": "9152946535", "address": "G-6/001, Sector D-6, Vasant Kunj, Delhi - 110070"},
{"name": "Rentpai.com", "rating": "3.0", "phone": "9152685901", "address": "Shop No :- 1, Ist Floor, Yadav Market,, Bisrakh, Noida - 201306, Near Hanuman Mandir Gol Chakkar"},
{"name": "Arora Properties", "rating": "4.1", "phone": "9152452856", "address": "D-11/40, Near Metro Pillar No 387, Rohini Sector 8, Delhi - 110085, Opposite Union Bank Of India"},
{"name": "Shakti Real Estate", "rating": "4.7", "phone": "9152453256", "address": "A 56 Captain Satish Marg, Sainik Vihar, Pitampura, Delhi - 110034, Near Canara Bank"},
{"name": "R S Link Properties & Devel..", "rating": "4.1", "phone": "9152501845", "address": "G-6&7, Plot No. -8, 1st Floor, Sector -10, Dwarka, Delhi - 110075, Anshul  Plaza"},
{"name": "Malik Home Solutions", "rating": "4.0", "phone": "9152441539", "address": "Super Mart-1 B 222, Dlf City Phase 4, Gurgaon - 122002, Near Galleria Market"},
{"name": "R S Properties", "rating": "3.9", "phone": "9152480135", "address": "Shop No. 2, T-29/H3A, Ground Floor,, West Patel Nagar, West Patel Nagar, Delhi - 110008, Rd No. 20"},
{"name": "Dicky Club Road Properties", "rating": "4.7", "phone": "9152417714", "address": "26, UG Floor, NWA, Next to Bikanerwala, Club Road, West Punjabi Bagh, Delhi - 110026, Next to Bikaner"},
{"name": "Guru Ji Associates", "rating": "4.2", "phone": "9152260119", "address": "58/A, Mayur Vihar Phase 2, Delhi - 110091, Near MTNL Office, Pocket A"},
{"name": "Gss Properties Consultant", "rating": "4.4", "phone": "9152487845", "address": "G-15, Top Floor, Main Market, South Extension 1, Delhi - 110049, Above Dr.Batras"},
{"name": "Ls Real Estate", "rating": "4.7", "phone": "9152232646", "address": "Office No-03, Ground Floor, Omaxe Arcade Golf Link 1, Nri City, Noida - 201310, Nri City."},
{"name": "Property Rent Wala", "rating": "4.8", "phone": "9152847395", "address": "Plot Number 4, Palam Vihar Road, Palam Vihar, Gurgaon - 122017, Opposite B Block"},
{"name": "Manchanda Associates", "rating": "3.5", "phone": "9152883732", "address": "Shop No 7 , 42C, Bhai Parmanand Colony, Dr Mukherjee Nagar, Delhi - 110009, Near Ahuja Child Clinic"},
{"name": "Jee Aar Estates", "rating": "4.0", "phone": "9212524153", "address": "House Number 1733, Gurgaon Sector 46, Gurgaon - 122003, Near Amity International School"},
{"name": "J D Properties", "rating": "3.7", "phone": "9152696138", "address": "A-171, Kalkaji, Delhi - 110019, Near HDFC Bank"},
{"name": "Ravinder Associates", "rating": "3.8", "phone": "9152321239", "address": "Office No 2195, Near B Block Sushant Lok 3, Gurgaon Sector 57, Gurgaon - 122011, Near By Sushant Lok 3"},
{"name": "Suman Kumar Carpenter", "rating": "4.5", "phone": "9152403718", "address": "U BLOCK BALI APPARTMENT, DLF City Phase 3, Gurgaon - 122010, NEAR BY U-59"},
{"name": "Sunil Properties", "rating": "4.1", "phone": "9152394311", "address": "House No 423 , Preetam Singh Appartment, Chattarpur, Delhi - 110074, Near Durga Ashram"},
{"name": "Krishna Real Estate", "rating": "4.5", "phone": "9152350806", "address": "Krishna Estate MAin Church Road, 21 Shanti Kunj Behind D3 Flat, Vasant Kunj Sector D, Delhi - 110070, Ganga Apartment, Block-2"},
{"name": "Max Properties", "rating": "4.1", "phone": "9152370662", "address": "V-15,,, West Patel Nagar, Delhi - 110008"},
{"name": "Kochar Deals", "rating": "4.9", "phone": "9152876252", "address": "Plot No C-112, Naraina Industrial Phase 1, Delhi - 110028, Behind Bikaner Wala"},
{"name": "Space Property Consultants", "rating": "3.4", "phone": "9152709961", "address": "15a/44 Pratap Chamber 2, Saraswati Marg, Karol Bagh, Delhi - 110005, OPP Chawla Chicken Restaurant"},
{"name": "Khushi Properties", "rating": "3.9", "phone": "9152604927", "address": "SHOP NO ;1, MG Road, Ghitorni, Delhi - 110030, Nr Mg Road"},
{"name": "Radha Shyam Sundar Properti..", "rating": "3.9", "phone": "9152924173", "address": "C 5, C 33 A, Shop Number 3, Janakpuri, Delhi - 110058, Near Aggarwal Sweets"},
{"name": "Amiet Real Estates", "rating": "3.5", "phone": "9152205530", "address": "Shop No.7 2nd Floor, Club Road, West Punjabi Bagh, Delhi - 110026, Near Kotak Mahindra Bank"},
{"name": "Sri Sai Properties", "rating": "4.4", "phone": "9152116762", "address": "6/43, Old Double Storey, Lajpat Nagar, delhi - 110024"},
{"name": "Manga Real Estate Consultan..", "rating": "3.9", "phone": "9152388944", "address": "N 29, Thakurdass Marg, Dr Mukherjee Nagar, Delhi - 110009"},
{"name": "Garg Associates", "rating": "4.7", "phone": "9152236376", "address": "B-3/31 Ground Floor, Rohini Sector 6, Delhi - 110085, Near Ambedkar Hospital"},
{"name": "Hardial Properties", "rating": "3.7", "phone": "9152895865", "address": "Shop Number F 14/2 A, Model Town 2, Delhi - 110009, Near Mother Dairy Booth"},
{"name": "Vaishnavi Property", "rating": "4.3", "phone": "9152650855", "address": "Plot Number 450, Imt Manesar, Gurgaon - 122052, Sector 1"},
{"name": "Narula Associates", "rating": "4.0", "phone": "9152423001", "address": "Shop Number 5, Main Road, Munirka, Delhi - 110067, Near Capital Court and Hanuman Mandir Lalji"},
{"name": "Chauhan Associates", "rating": "3.9", "phone": "9152823142", "address": "Shop Number-2, Plot No 8, Vaishali Sector 3, Ghaziabad - 201012, Near Mahagun  Mall"},
{"name": "AGGARWAL BUILDTECH", "rating": "3.5", "phone": "9152706830", "address": "P-31,BPTP,, Faridabad City, Faridabad - 121002, Sector 75"},
{"name": "Deepak Properties", "rating": "3.5", "phone": "9152917978", "address": "Sk 3c, Sec-110,, Kendriya Vihar ,, Noida Sector 110, Noida - 201304, Noida"},
{"name": "Brothers Associates", "rating": "3.5", "phone": "9152585645", "address": "3621, Sector 23, Gurgaon Sector 23, gurgaon - 122015, Near Gate No. 2"},
{"name": "Shri Sai Kamal Property", "rating": "3.9", "phone": "9152461395", "address": "650, West Guru Angad Nagar, West Guru Angad Nagar, Gurudwara Road, Laxmi Nagar, Delhi - 110092, Near V3s Mall"},
{"name": "Any Homes", "rating": "4.1", "phone": "9152486810", "address": "Plot No 11, Noida Sector 75, Noida - 201304, Near Spectrum Mall"},
{"name": "Anubhav Properties", "rating": "4.0", "phone": "9152464504", "address": "766, Vikas Kunj, Vikaspuri, Delhi - 110018, Opp. District Center Janakpuri"},
{"name": "Pradeep Developers", "rating": "4.0", "phone": "9152496966", "address": "Office 64 A, Uttam Nagar, delhi - 110059"},
{"name": "One Stop Property Shop", "rating": "4.5", "phone": "9810903896", "address": "DG-2/19A, Virjanand Marg, Vikaspuri, Delhi - 110018, Opposite Punjab and Sindh Bank"},
{"name": "Satguru Real Estate Develop..", "rating": "4.3", "phone": "9152503381", "address": "Office-No-183, Omicrone -3, Greater Noida, Noida - 201310, Near Pulmeria Garden"},
{"name": "Royal Developers Pvt Ltd", "rating": "3.5", "phone": "9152869429", "address": "Shop Number 265, K.G Road, Tughlakabad, Delhi - 110044, Near Metro Station"},
{"name": "Ekam Properties", "rating": "3.5", "phone": "9152340965", "address": "Site-3/26,, Vikaspuri, Delhi - 110018, Near M Block Maharaja Agarsen Bhawan"},
{"name": "Exact Solution", "rating": "3.9", "phone": "9152235543", "address": "T 3, T block, Defence Colony, Delhi - 110024"},
{"name": "Jpb Associates", "rating": "4.0", "phone": "9152234958", "address": "Shop No 3, Pitampura, Delhi - 110034, Local Shopping Complex"},
{"name": "Bds Estate", "rating": "4.9", "phone": "9152133472", "address": "S-129, 2nd Floor, Uppal South End, Sec-49, Gurgaon, Gurgaon - 122001, South City- II,"},
{"name": "Perfect Advisor", "rating": "4.2", "phone": "9152753782", "address": "Office No - 1, Sohna Road, Gurgaon Sector 47, Gurgaon - 122018, Near By Subhash Chowk , Behind ILD Mall"},
{"name": "Integrity Reality", "rating": "3.8", "phone": "9152706006", "address": "M-15, Greater Kailash -1, Greater Kailash, Delhi - 110048"},
{"name": "The Royal Rooms", "rating": "4.4", "phone": "9152488770", "address": "House No-337, Gurgaon Sector 21, gurgaon - 122016"},
{"name": "Z R Properties", "rating": "5.0", "phone": "9152838975", "address": "A-153, East Of Kailash, Delhi - 110065, Near Iskcon Temple"},
{"name": "Ravinder Property Dealer", "rating": "5.0", "phone": "9152140285", "address": "469/5 No, Kalkaji Main Road, Kalkaji, Delhi - 110019, Near SBI BANK"},
{"name": "Paksh Associates", "rating": "3.7", "phone": "9152472487", "address": "I 168, Green Park, Delhi - 110016, Ansari Nagar"},
{"name": "Ashi Newdoor Real Estate", "rating": "3.5", "phone": "9152348596", "address": "B-7/257, Rohini Sector 18, Delhi - 110085, Nearl Mother Dairy"},
{"name": "Himalaya Associates", "rating": "4.0", "phone": "9152947222", "address": "Office No 212 Tower 1 Assotech Business Cresterra, Near Lemon Tree Hotel, Sector 135, Noida - 201304"},
{"name": "Landmark Planners", "rating": "4.2", "phone": "9152288016", "address": "E-29, Pvr Road, Saket, Delhi - 110017, Near IDBI Bank"},
{"name": "JSD Realtor", "rating": "4.5", "phone": "9152391990", "address": "Main Sohna Road, Sohna Road, Gurgaon - 122001, Opposite Omaxe Celebration Mall"},
{"name": "Parvatiya Realty", "rating": "3.7", "phone": "9152861170", "address": "Flat No. 305, Abhay Khand 3-Indirapuram, Ghaziabad - 201014, Near MOther Dairy"},
{"name": "Max Properties", "rating": "3.8", "phone": "9152423905", "address": "E 259, First Floor, East Vinod Nagar, Mayur Vihar Phase 2, Delhi - 110091, Near Radha Swami Satsang"},
{"name": "Nagpal Properties & Constru..", "rating": "5.0", "phone": "9152524373", "address": "1k 23, Faridabad NIT, Faridabad - 121001, Near Bus Stand"},
{"name": "Star Properties", "rating": "3.9", "phone": "9152418592", "address": "270, Arjun nagar, Safdarjung Enclave, Delhi - 110029, Opp. DDA Market"},
{"name": "Anand Properties", "rating": "4.1", "phone": "9152442163", "address": "House No-94, Jagriti Enclave-Anand Vihar, Delhi - 110092"},
{"name": "Premier Green Realty", "rating": "4.1", "phone": "9152617922", "address": "A-5B/183A,, Janakpuri, Janakpuri A Block, Delhi - 110058, Adjoining Laundry King"},
{"name": "BMR Properties Pvt Ltd", "rating": "3.8", "phone": "9871770044", "address": "SCO 47 First Floor, Omaxe World Street, Faridabad Sector 79, Faridabad - 121002"},
{"name": "Modern Properties", "rating": "4.0", "phone": "9152970758", "address": "Plot No 153, gurgaon - 122017, Opposite Hungry Panda"},
{"name": "Deep Estates", "rating": "4.5", "phone": "9717293713", "address": "A-47, Noida - 201307, Near By Metro Station"},
{"name": "Sahara Associates", "rating": "4.5", "phone": "9152393545", "address": "B-9, Basement, Anupam Plaza, Hauz Khas, Delhi - 110016, Near IIT"},
{"name": "Ginoria Infra Solution LLP", "rating": "3.5", "phone": "9152434281", "address": "Office No 215,J S Arcade,D-1, Noida Sector 18, Noida - 201301, Opposite Bikanervala"},
{"name": "A & H Estate To Let Service..", "rating": "3.4", "phone": "9152476840", "address": "Shop No.151, Huda Market, Gurgaon Sector 31, Gurgaon - 122001"},
{"name": "P J P Estate", "rating": "4.5", "phone": "9152840379", "address": "Okhla Industrial Area Phase 1, Delhi - 110020, Nearby Crown Plaza"},
{"name": "Dwellsmith Associates", "rating": "4.7", "phone": "9152382099", "address": "J-3/137 First Floor, Rajouri Garden, Rajouri Garden, Delhi - 110027, Opposite Janta Market"},
{"name": "Jai Durga Associates", "rating": "3.8", "phone": "9152430752", "address": "1st Floor, Budhram Complex, M G Road, Sukhrali, Gurgaon - 122001, Near Hanuman Mandir,Gurgaon Sector 17"},
{"name": "Kohli Associates", "rating": "3.5", "phone": "9152338807", "address": "Plot No -188, Gali No -2, Laxmi Nagar, Delhi - 110092"},
{"name": "Jkm Realtore", "rating": "3.5", "phone": "9152848293", "address": "M-14a, Lajpat Nagar 2, Delhi - 110024, Near Bank Of Badoda"},
{"name": "Kaveri Associates", "rating": "4.1", "phone": "9718323400", "address": "Flat No.543,D-6, Vasant Kunj, Delhi - 110070, Near Vasant Square Mall"},
{"name": "Saxena Properties", "rating": "4.8", "phone": "9152919408", "address": "B-95, Hari Nagar Part 2, Badarpur, Delhi - 110044, Near Methapur Chowk"},
{"name": "Aggarwal Properties", "rating": "4.2", "phone": "9152190429", "address": "B-1, Naraina, Delhi - 110028, Community Centre,PVR Cinema, Opposite Sagar Ratna"},
{"name": "Yaduvanshi Global Reality", "rating": "3.5", "phone": "9152568921", "address": "CRPF Camp Road,, Sector 61, Gurgaon, Gurgaon - 122001, Near Pioneer Park, Opp.indian Oil Petrol Pump"},
{"name": "Sri Balaji Associates", "rating": "3.9", "phone": "9152360182", "address": "G 5/30  grd floor, Rohini Sector 16, Delhi - 110089, Mahadev Mindir"},
{"name": "Bespoke Property Solutions", "rating": "4.2", "phone": "9152849506", "address": "50 Community Center, Naraina Vihar Phase 1, Naraina Industrial Estate, Delhi - 110028, Pvr Cinema"},
{"name": "Indirapuram Estate", "rating": "4.3", "phone": "9152440843", "address": "Shop Number 20, 1st Floor, Gyan Khand 3, Main Road, Indirapuram, Ghaziabad - 201014, Near Shipra Rivera Tower"},
{"name": "A J Estates", "rating": "3.8", "phone": "9152391150", "address": "House Number 233, Noida Sector 46, Noida - 201303, Near Noida City Centre Metro Station, A Block"},
{"name": "Fair Deal Associates", "rating": "4.5", "phone": "9152364976", "address": "A-2/62, Prateek Apartment, Paschim Vihar, Delhi - 110063, Near Indraprastha World School"},
{"name": "Arora Properties", "rating": "4.5", "phone": "9152324323", "address": "4 Number Defence Enclave, Preet Vihar, Delhi - 110092, Near Classic Ice Cream Parlour"},
{"name": "SELECT PROPERTIES ", "rating": "4.0", "phone": "9152424453", "address": "C-159, Office No 105, First Floor, Naraina Industrial Area, Phase-1, Naraina, Delhi - 110028, Opp Yes Bank"},
{"name": "Kundan Properties", "rating": "4.7", "phone": "9152877356", "address": "K-316, Raju Apartment, Gali Number 6, Mahipalpur, Delhi - 110037, K Block"}
]